{
   "results":[
      {
         "gender":"남성",
         "name": "유정식",
         "location":{
            "street":"9920",
            "city":"김천시",
            "state":"경상북도",
            "postcode":24879
         },
         "email":"eatdesignlove@gmail.com",
         "login":{
            "username":"yellowbear512",
            "password":"feet",
            "salt":"YJP2tXUz",
            "md5":"79cff355c2b2bb29e0e76911480bb9b3",
            "sha1":"85d1e400a46d5d027e113cee64b05507b0d6161c",
            "sha256":"67a74221553304f4d410fa6605279293b9f69d98345a6dfcbfde7a8a5b103bd8"
         },
         "dob":"1981-11-02 13:53:24",
         "registered":"2015-03-15 15:33:30",
         "phone":"879-399-0605",
         "cell":"890-429-7193",
         "id":{
            "name":"",
            "value":null
         },
         "picture":{
            "original":"db/fds-user-assets/yoojeong.jpg",
            "thumbnail":"db/fds-user-assets/yoojeong.thumb.jpg"
         },
         "nat":"CA"
      },
      {
         "gender":"남성",
         "name": "서기석",
         "location":{
            "street":"22",
            "city":"강남구",
            "state":"서울특별시",
            "postcode":28163
         },
         "email":"seogi@example.com",
         "login":{
            "username":"organicostrich171",
            "password":"spring",
            "salt":"6LMANiXf",
            "md5":"c15a03738c71d0521326b31addc8f134",
            "sha1":"7d4d4574a74aea609e5177b25b0eb266b87bb54b",
            "sha256":"4b614ab1256b20e4404da1b16b0ae0e16025d2d70623c83a81f3c9f87c1f07d1"
         },
         "dob":"1988-03-03 00:41:02",
         "registered":"2014-03-05 19:06:23",
         "phone":"63859684",
         "cell":"92935779",
         "id":{
            "name":"CPR",
            "value":"365807-7316"
         },
         "picture":{
            "original":"db/fds-user-assets/seogi.jpg",
            "thumbnail":"db/fds-user-assets/thumb/seogi.thumb.jpg"
         },
         "nat":"DK"
      },
      {
         "gender":"남성",
         "name": "김도훈",
         "location":{
            "street":"38",
            "city":"중구",
            "state":"대구광역시",
            "postcode":69585
         },
         "email":"kimdo@example.com",
         "login":{
            "username":"ticklishfrog326",
            "password":"oyster",
            "salt":"bTHxpG1y",
            "md5":"1f0406958ce8d57b47b494761ced393f",
            "sha1":"4a40cc9d014c01ad29d55f96ce833769ce41caf8",
            "sha256":"338c5d763dfe6594288e8430d3341f1157cd2a936a84ae2ca441ebd4b488e12e"
         },
         "dob":"1945-08-13 13:11:43",
         "registered":"2007-10-17 05:56:00",
         "phone":"(15) 5595-8713",
         "cell":"(63) 8513-4746",
         "id":{
            "name":"",
            "value":null
         },
         "picture":{
            "original":"db/fds-user-assets/kimdo.jpg",
            "thumbnail":"db/fds-user-assets/thumb/kimdo.thumb.jpg"
         },
         "nat":"BR"
      },
      {
         "gender":"남성",
         "name": "이호민",
         "location":{
            "street":"4445",
            "city":"중구",
            "state":"대전광역시",
            "postcode":90804
         },
         "email":"leeho@example.com",
         "login":{
            "username":"purplesnake329",
            "password":"hiphop",
            "salt":"r7frn1G7",
            "md5":"1dcee05e2a200b33c2b3019cf8851401",
            "sha1":"d0214e15dd5b7f175ced02ffb9c30294f0e75a49",
            "sha256":"f78daeb4caa105222c245aa05c4f756c970f081c46fd8b8e361e5c96d6b0cd72"
         },
         "dob":"1986-11-21 11:37:26",
         "registered":"2006-03-31 23:03:12",
         "phone":"(694)-429-2781",
         "cell":"(215)-328-6761",
         "id":{
            "name":"BSN",
            "value":"78829739"
         },
         "picture":{
            "original":"db/fds-user-assets/leeho.jpg",
            "thumbnail":"db/fds-user-assets/thumb/leeho.thumb.jpg"
         },
         "nat":"NL"
      },
      {
         "gender":"남성",
         "name": "한재현",
         "location":{
            "street":"5320",
            "city":"서귀포시",
            "state":"제주특별자치도",
            "postcode":232
         },
         "email":"hanjae@example.com",
         "login":{
            "username":"bigfish738",
            "password":"asimov",
            "salt":"2aFCANQm",
            "md5":"312fb5f304d19ac37d89a9c913285ddd",
            "sha1":"cb740494d92a1bbd67641af3494869324394203a",
            "sha256":"d3a8f249f17f88593a06ed3e4a62da63fda5efafd640531f2f6bda8f0776b393"
         },
         "dob":"1976-03-20 18:37:51",
         "registered":"2006-03-08 12:32:14",
         "phone":"00-1539-8546",
         "cell":"0461-884-992",
         "id":{
            "name":"TFN",
            "value":"134453155"
         },
         "picture":{
            "original":"db/fds-user-assets/hanjae.jpg",
            "thumbnail":"db/fds-user-assets/thumb/hanjae.thumb.jpg"
         },
         "nat":"AU"
      },
      {
         "gender":"남성",
         "name": "김한웅",
         "location":{
            "street":"8487",
            "city":"강남구",
            "state":"서울특별시",
            "postcode":52511
         },
         "email":"kimhan@example.com",
         "login":{
            "username":"organicrabbit303",
            "password":"cleopatr",
            "salt":"Votv0mCY",
            "md5":"67717df1d7776483b291b7a86870e0c9",
            "sha1":"c2c621cf4f130ee1421a4f2a63279240d11ae4ad",
            "sha256":"9d2175f4c4d7e94594a2648ac5ff49c2872f60f476162ea94547ffd0b2b86bf0"
         },
         "dob":"1987-03-14 08:00:40",
         "registered":"2002-11-10 11:19:21",
         "phone":"(48) 0486-4316",
         "cell":"(60) 5463-0589",
         "id":{
            "name":"",
            "value":null
         },
         "picture":{
            "original":"db/fds-user-assets/kimhan.jpg",
            "thumbnail":"db/fds-user-assets/thumb/kimhan.thumb.jpg"
         },
         "nat":"BR"
      },
      {
         "gender":"여성",
         "name": "남은영",
         "location":{
            "street":"9751",
            "city":"구미시",
            "state":"경상북도",
            "postcode":52867
         },
         "email":"nameun@example.com",
         "login":{
            "username":"beautifulkoala211",
            "password":"videoes",
            "salt":"4eMpMwxf",
            "md5":"b5544cd79ed3d5629e3737028cec94d3",
            "sha1":"d67f7b643e94c338569cc9799d8fb027727f6502",
            "sha256":"b471dc5f5b3962d8ebb742e978b30a5a054f351ed4f6fddb598c178f133d8d80"
         },
         "dob":"1986-07-14 09:17:47",
         "registered":"2012-06-08 20:37:58",
         "phone":"061-945-1397",
         "cell":"081-878-2277",
         "id":{
            "name":"PPS",
            "value":"2077538T"
         },
         "picture":{
            "original":"db/fds-user-assets/nameun.jpg",
            "thumbnail":"db/fds-user-assets/thumb/nameun.thumb.jpg"
         },
         "nat":"IE"
      },
      {
         "gender":"남성",
         "name": "지영배",
         "location":{
            "street":"4519",
            "city":"강북구",
            "state":"서울특별시",
            "postcode":88506
         },
         "email":"jiyoung@example.com",
         "login":{
            "username":"orangeduck858",
            "password":"bigbird",
            "salt":"fi67Wu8t",
            "md5":"aeb10ee8b44541346390b8df7f2232bc",
            "sha1":"0d52787ff5309e1b62eef6882c461caaf1fd0347",
            "sha256":"0e4b21574020d6d95a95feff5dc36c8e75aa2ff806ac9fe10df0262d1b60bb83"
         },
         "dob":"1959-07-07 20:00:40",
         "registered":"2006-12-31 01:40:07",
         "phone":"09-295-990",
         "cell":"045-128-15-04",
         "id":{
            "name":"HETU",
            "value":"859-3233"
         },
         "picture":{
            "original":"db/fds-user-assets/jiyoung.jpg",
            "thumbnail":"db/fds-user-assets/thumb/jiyoung.thumb.jpg"
         },
         "nat":"FI"
      },
      {
         "gender":"여성",
         "name": "김도원",
         "location":{
            "street":"8633",
            "city":"목포시",
            "state":"전라남도",
            "postcode":81472
         },
         "email":"kimdo@example.com",
         "login":{
            "username":"yellowelephant867",
            "password":"marsha",
            "salt":"4rZgcOIn",
            "md5":"614887eaf73545fddd5a9e22e85969bc",
            "sha1":"82c6744e591a6d615478837667728856e6bb5444",
            "sha256":"74e459410526f3382464829ac6c82ae78141a7a5e9c7cf1d5efd3b2cd47064b4"
         },
         "dob":"1973-10-25 10:16:27",
         "registered":"2005-08-09 06:12:16",
         "phone":"071-732-7880",
         "cell":"081-655-0579",
         "id":{
            "name":"PPS",
            "value":"5753567T"
         },
         "picture":{
            "original":"db/fds-user-assets/kimdo.jpg",
            "thumbnail":"db/fds-user-assets/thumb/kimdo.thumb.jpg"
         },
         "nat":"IE"
      },
      {
         "gender":"남성",
         "name": "안병은",
         "location":{
            "street":"7639",
            "city":"청주시",
            "state":"충청북도",
            "postcode":7649
         },
         "email":"ahnbyung@example.com",
         "login":{
            "username":"orangekoala821",
            "password":"chelsea",
            "salt":"P4qMjuPP",
            "md5":"e37d109b186536a187cfd151de096090",
            "sha1":"753e994cb14ba9a28a94e02d405690ca2c44490c",
            "sha256":"0af3ca6db134e84d779c282379584f6f0814afdadcaad5646bdfbc920bf53323"
         },
         "dob":"1953-08-16 12:03:13",
         "registered":"2004-01-13 08:21:17",
         "phone":"(714)-733-6737",
         "cell":"(229)-243-2552",
         "id":{
            "name":"AVS",
            "value":"756.NEIK.AFKT.09"
         },
         "picture":{
            "original":"db/fds-user-assets/ahnbyung.jpg",
            "thumbnail":"db/fds-user-assets/thumb/ahnbyung.thumb.jpg"
         },
         "nat":"CH"
      },
      {
         "gender":"여성",
         "name": "강혜정",
         "location":{
            "street":"4836",
            "city":"천안시",
            "state":"충청남도",
            "postcode":8289
         },
         "email":"kanghe@example.com",
         "login":{
            "username":"greenfish446",
            "password":"keith",
            "salt":"paUZKKjK",
            "md5":"001bcf1edc2e4df1406a0010d584b627",
            "sha1":"abea99b253ffa915cf8ee70f908b9e877d86494e",
            "sha256":"76bbce91ffdca0b9a976948d42bb89d7522381ae361eec73ff555ab77cb36b72"
         },
         "dob":"1945-10-08 04:42:53",
         "registered":"2009-08-21 13:06:35",
         "phone":"02-2404-6259",
         "cell":"0413-540-708",
         "id":{
            "name":"TFN",
            "value":"964126882"
         },
         "picture":{
            "original":"db/fds-user-assets/kanghe.jpg",
            "thumbnail":"db/fds-user-assets/thumb/kanghe.thumb.jpg"
         },
         "nat":"AU"
      },
      {
         "gender":"남성",
         "name": "곽정균",
         "location":{
            "street":"4649",
            "city":"해운대구",
            "state":"부산광역시",
            "postcode":34665
         },
         "email":"kwok@example.com",
         "login":{
            "username":"purplecat781",
            "password":"1114",
            "salt":"9W5GoTFD",
            "md5":"c7cbc168a95c857236021f7cbbae9ea2",
            "sha1":"f9ce91fec0139c1d9c4b84b102ff793d9a0eccad",
            "sha256":"fc29593bdd6b965d964c82167ad19e5be9272a67c5f01424c075f7b022ccf4ec"
         },
         "dob":"1973-11-07 09:48:36",
         "registered":"2007-11-19 09:37:53",
         "phone":"041-102-0177",
         "cell":"081-392-2305",
         "id":{
            "name":"PPS",
            "value":"4621126T"
         },
         "picture":{
            "original":"db/fds-user-assets/kwok.jpg",
            "thumbnail":"db/fds-user-assets/thumb/kwok.thumb.jpg"
         },
         "nat":"IE"
      },
      {
         "gender":"남성",
         "name": "류태선",
         "location":{
            "street":"2037",
            "city":"용신시",
            "state":"경기도",
            "postcode":"AE0Y 0SP"
         },
         "email":"ryutae@example.com",
         "login":{
            "username":"purplebear855",
            "password":"woohoo",
            "salt":"bNr3tjMk",
            "md5":"32071031f92a1fccadabc45c35459cfa",
            "sha1":"cda445ae8e2d4dd474a18cf26447eb06212fe140",
            "sha256":"f2b152e15353eab0326fa03ba4e3515351d6c762f6292371b83751e716e41760"
         },
         "dob":"1968-10-12 07:09:29",
         "registered":"2011-02-26 22:11:23",
         "phone":"016977 6186",
         "cell":"0738-918-447",
         "id":{
            "name":"NINO",
            "value":"OW 47 70 91 C"
         },
         "picture":{
            "original":"db/fds-user-assets/ryutae.jpg",
            "thumbnail":"db/fds-user-assets/thumb/ryutae.thumb.jpg"
         },
         "nat":"GB"
      },
      {
         "gender":"여성",
         "name": "신고운",
         "location":{
            "street":"4190",
            "city":"강남구",
            "state":"서울특별시",
            "postcode":46543
         },
         "email":"shingo@example.com",
         "login":{
            "username":"blacktiger508",
            "password":"defense",
            "salt":"Y1bDsoZU",
            "md5":"8a40beef35c7be94decd729eaddcc201",
            "sha1":"3f73d3ac62d76051a73216e1ee000fc30386b749",
            "sha256":"554d09010f7df0299c53b27287451129d012b02f2ab8fc045caa8bfc46824235"
         },
         "dob":"1945-07-21 13:27:21",
         "registered":"2014-06-08 01:39:43",
         "phone":"(68) 4393-5641",
         "cell":"(12) 1050-9534",
         "id":{
            "name":"",
            "value":null
         },
         "picture":{
            "original":"db/fds-user-assets/shingo.jpg",
            "thumbnail":"db/fds-user-assets/thumb/shingo.thumb.jpg"
         },
         "nat":"BR"
      },
      {
         "gender":"여성",
         "name": "류지혜",
         "location":{
            "street":"8310",
            "city":"서초구",
            "state":"서울특별시",
            "postcode":30863
         },
         "email":"ryuji@example.com",
         "login":{
            "username":"beautifuldog803",
            "password":"merlot",
            "salt":"T2t0H9ZX",
            "md5":"3d94ee271c088079baf76a8113a8b13e",
            "sha1":"d5819bab180115da60cea418d2216502c720986d",
            "sha256":"ceb27fe39db7013f4d7204319e70b8334171ae048849fae1b3c6507d30bfb416"
         },
         "dob":"1963-08-24 07:47:50",
         "registered":"2014-11-12 15:36:56",
         "phone":"(673)-927-0981",
         "cell":"(790)-634-2501",
         "id":{
            "name":"SSN",
            "value":"440-79-2839"
         },
         "picture":{
            "original":"db/fds-user-assets/ryuji.jpg",
            "thumbnail":"db/fds-user-assets/thumb/ryuji.thumb.jpg"
         },
         "nat":"US"
      },
      {
         "gender":"여성",
         "name": "김영선",
         "location":{
            "street":"1643",
            "city": "성남시",
            "state":"경기도",
            "postcode":19736
         },
         "email":"kimyung@example.com",
         "login":{
            "username":"blackbear626",
            "password":"queen",
            "salt":"wNokzL2W",
            "md5":"dfbdffdfd15c44efae96927592f92982",
            "sha1":"4b1eaa1ca01f91c1e991eefeb0e888ad70077f05",
            "sha256":"5b8f19dd5164239fb079cc21bea95859328571ca5d285b2ac8a5dd797e6a5807"
         },
         "dob":"1983-07-03 11:46:45",
         "registered":"2012-04-05 07:55:35",
         "phone":"159-900-3233",
         "cell":"533-329-3275",
         "id":{
            "name":"",
            "value":null
         },
         "picture":{
            "original":"db/fds-user-assets/kimyoung.jpg",
            "thumbnail":"db/fds-user-assets/thumb/kimyoung.thumb.jpg"
         },
         "nat":"CA"
      },
      {
         "gender":"남성",
         "name": "서명근",
         "location":{
            "street":"6778",
            "city":"서초구",
            "state":"서울특별시",
            "postcode":93490
         },
         "email":"seomyeong@example.com",
         "login":{
            "username":"silverlion190",
            "password":"oakland",
            "salt":"Sz70myUb",
            "md5":"5288f75221850040497db51c2f578905",
            "sha1":"b5614ddc834cb9d58d7cd0102bc4ec9d09dd42f7",
            "sha256":"50d93e9aa3f4e46b27cb4f79c5be70f21327cb80d7e42575966b11f302284d2e"
         },
         "dob":"1958-10-07 12:21:07",
         "registered":"2007-07-31 17:36:53",
         "phone":"0131-9627691",
         "cell":"0175-3427085",
         "id":{
            "name":"",
            "value":null
         },
         "picture":{
            "original":"db/fds-user-assets/seomeyung.jpg",
            "thumbnail":"db/fds-user-assets/thumb/seogi.thumb.jpg"
         },
         "nat":"DE"
      },
      {
         "gender":"남성",
         "name": "소윤상",
         "location":{
            "street":"3768",
            "city":"마포구",
            "state":"서울특별시",
            "postcode":48467
         },
         "email":"sooyoon@example.com",
         "login":{
            "username":"smallfrog203",
            "password":"armstron",
            "salt":"4hedVXBJ",
            "md5":"596aba6a5e265e807b608c9306cf316c",
            "sha1":"ecc8eec4d4dc27866a083a771b3f7dbfe58125ea",
            "sha256":"e73f8dcfc36e0d8e4af3ea755d85fcc27bcf963ae2745293bf5b4de1937cbbd9"
         },
         "dob":"1977-05-23 05:08:31",
         "registered":"2016-08-01 04:48:55",
         "phone":"000-90284839",
         "cell":"0981-256-7772",
         "id":{
            "name":"",
            "value":null
         },
         "picture":{
            "original":"db/fds-user-assets/soyoon.jpg",
            "thumbnail":"db/fds-user-assets/thumb/soyoon.thumb.jpg"
         },
         "nat":"IR"
      },
      {
         "gender":"여성",
         "name": "윤선미",
         "location":{
            "street":"8110",
            "city":"고양시",
            "state":"경기도",
            "postcode":87532
         },
         "email":"yoonsun@example.com",
         "login":{
            "username":"bigtiger475",
            "password":"vision",
            "salt":"kUm0hNWH",
            "md5":"1c459817c9cc83eed63ec2fca279dbd4",
            "sha1":"449442fad7a7709c2346f48d5ca6474a77489fff",
            "sha256":"d3574a63d2969ed962d5aa4924974ee7bc4a588b990e250fea3a0004d07f26c9"
         },
         "dob":"1995-01-30 08:19:44",
         "registered":"2003-10-23 12:08:13",
         "phone":"(503)-975-9091",
         "cell":"(149)-995-1944",
         "id":{
            "name":"",
            "value":null
         },
         "picture":{
            "original":"db/fds-user-assets/yoonsun.jpg",
            "thumbnail":"db/fds-user-assets/thumb/yoonsun.thumb.jpg"
         },
         "nat":"NZ"
      },
      {
         "gender":"남성",
         "name": "장재현",
         "location":{
            "street":"3214",
            "city":"서초구",
            "state":"서울특별시",
            "postcode":51600
         },
         "email":"jangjae@example.com",
         "login":{
            "username":"bluemeercat668",
            "password":"simon",
            "salt":"VefolMTq",
            "md5":"91131d6f1e53ed8459141c2fc86c849e",
            "sha1":"601688c86a8da5e7f99e37c6713b30f2bba52b95",
            "sha256":"67cae1a9b5fc2615b50ed2e228c2b38ba13d2a58204df949cb6e0edcf3165ca8"
         },
         "dob":"1992-06-30 04:24:08",
         "registered":"2014-09-10 02:55:35",
         "phone":"80918515",
         "cell":"20635175",
         "id":{
            "name":"CPR",
            "value":"362203-2419"
         },
         "picture":{
            "original":"db/fds-user-assets/jangjae.jpg",
            "thumbnail":"db/fds-user-assets/thumb/jangjae.thumb.jpg"
         },
         "nat":"DK"
      },
      {
         "gender":"여성",
         "name": "정예연",
         "location":{
            "street":"1975",
            "city":"마포구",
            "state":"서울특별시",
            "postcode":83054
         },
         "email":"jungye@example.com",
         "login":{
            "username":"redrabbit678",
            "password":"collin",
            "salt":"VATZcalI",
            "md5":"cfdcdbd43442f0857c452b99f290f08f",
            "sha1":"75ca5cb38ebe92e06bdf195a2aeaa5bfdfe67359",
            "sha256":"e5d43b85f78122e20913e7401a4a67a290f0e25be166aeddaf028e2877678341"
         },
         "dob":"1949-07-07 15:02:40",
         "registered":"2014-11-07 20:16:48",
         "phone":"(004)-083-4918",
         "cell":"(371)-903-9860",
         "id":{
            "name":"",
            "value":null
         },
         "picture":{
            "original":"db/fds-user-assets/jungye.jpg",
            "thumbnail":"db/fds-user-assets/thumb/jungye.thumb.jpg"
         },
         "nat":"NZ"
      },
      {
         "gender":"여성",
         "name": "주예리나",
         "location":{
            "street":"4177",
            "city":"남동구",
            "state":"인천광역시",
            "postcode":22476
         },
         "email":"jooye@example.com",
         "login":{
            "username":"tinygorilla858",
            "password":"1225",
            "salt":"g6jOiA8C",
            "md5":"1f5b774f9a7225db4b3bdccdc7b11c7c",
            "sha1":"4c86393b022b5280208e2f2f2c5a2e23b0152977",
            "sha256":"a840c2616d244bf0f392abd5831046ae1f0dd886d796da8d1e2273cfe69c0c58"
         },
         "dob":"1956-07-19 04:46:51",
         "registered":"2006-11-22 19:24:20",
         "phone":"04-36-80-01-92",
         "cell":"06-82-04-92-63",
         "id":{
            "name":"INSEE",
            "value":"256697887772 85"
         },
         "picture":{
            "original":"db/fds-user-assets/jooye.jpg",
            "thumbnail":"db/fds-user-assets/thumb/jooye.thumb.jpg"
         },
         "nat":"FR"
      },
      {
         "gender":"남성",
         "name": "허우빈",
         "location":{
            "street":"6803",
            "city":"광명시",
            "state":"경기도",
            "postcode":49197
         },
         "email":"heowoo@example.com",
         "login":{
            "username":"goldenbear387",
            "password":"fishing",
            "salt":"EXPJ37IP",
            "md5":"e5e9a001f4da2187670404e6f1d9e1af",
            "sha1":"268c715e3d9922195477d7913dd82dadb047e4cf",
            "sha256":"16b792f0048e1617a7f44c3e2540054e988db16df58c9239b8725cf0d22eb4ee"
         },
         "dob":"1987-05-18 23:35:41",
         "registered":"2004-03-11 06:38:24",
         "phone":"51664951",
         "cell":"35862291",
         "id":{
            "name":"CPR",
            "value":"339430-2516"
         },
         "picture":{
            "original":"db/fds-user-assets/heowoo.jpg",
            "thumbnail":"db/fds-user-assets/thumb/heowoo.thumb.jpg"
         },
         "nat":"DK"
      },
      {
         "gender":"여성",
         "name": "홍효선",
         "location":{
            "street":"4896",
            "city":"강남구",
            "state":"서울특별시",
            "postcode":41826
         },
         "email":"honghyo@example.com",
         "login":{
            "username":"purpletiger318",
            "password":"dixie1",
            "salt":"8TGkoTDh",
            "md5":"c2650cbddf8643522be11f7dd6e56185",
            "sha1":"97de7b8885e347d2ef7439b65aa1da337fa29ce8",
            "sha256":"9d55b7973d01f3f25c83e72008e5bacb365c48c88e13860e4748ab5e9ad2ab00"
         },
         "dob":"1990-06-25 21:27:10",
         "registered":"2010-03-10 05:37:02",
         "phone":"83709984",
         "cell":"34625968",
         "id":{
            "name":"CPR",
            "value":"768952-1333"
         },
         "picture":{
            "original":"db/fds-user-assets/honghyo.jpg",
            "thumbnail":"db/fds-user-assets/thumb/honghyo.thumb.jpg"
         },
         "nat":"DK"
      },
      {
         "gender":"여성",
         "name": "이지연",
         "location":{
            "street":"2435",
            "city":"강동구",
            "state":"서울특별시",
            "postcode":7920
         },
         "email":"leeji@example.com",
         "login":{
            "username":"bluepeacock953",
            "password":"redfish",
            "salt":"dnNPUwES",
            "md5":"2cceee47ae809eec82a226ec758941ac",
            "sha1":"edf331f60d44b9c71699eb43ee22d2df2ca14859",
            "sha256":"42574eb021ff4fbd174a714ee716162ac08bb3dbeacf2cddb01468104ef46bb7"
         },
         "dob":"1981-09-25 15:57:08",
         "registered":"2009-07-15 18:32:25",
         "phone":"05-7551-1546",
         "cell":"0428-478-305",
         "id":{
            "name":"TFN",
            "value":"692443558"
         },
         "picture":{
            "original":"db/fds-user-assets/leeji.jpg",
            "thumbnail":"db/fds-user-assets/thumb/leeji.thumb.jpg"
         },
         "nat":"AU"
      },
      {
         "gender":"여성",
         "name": "김다정",
         "location":{
            "street":"3134",
            "city":"안동시",
            "state":"경상북도",
            "postcode":5458
         },
         "email":"kimda@example.com",
         "login":{
            "username":"goldenostrich823",
            "password":"bristol",
            "salt":"cnHvQ3Ic",
            "md5":"fce3910c81812210491a4819fcacf0c5",
            "sha1":"8e8f3bec460f626b43ba57884cf331c6ce1ceb7e",
            "sha256":"f76b38762918057d0b9166ffa4e321392e3906a7a7fef64880f6790aa47511b2"
         },
         "dob":"1988-05-30 18:17:58",
         "registered":"2002-08-28 12:49:27",
         "phone":"05-4204-5461",
         "cell":"0441-275-929",
         "id":{
            "name":"TFN",
            "value":"897285588"
         },
         "picture":{
            "original":"db/fds-user-assets/kimda.jpg",
            "thumbnail":"db/fds-user-assets/thumb/kimda.thumb.jpg"
         },
         "nat":"AU"
      },
      {
         "gender":"여성",
         "name": "류지혜",
         "location":{
            "street":"2676",
            "city":"서초구",
            "state":"서울특별시",
            "postcode":34847
         },
         "email":"ryuji@example.com",
         "login":{
            "username":"brownduck904",
            "password":"tina",
            "salt":"3lvTwxV4",
            "md5":"d43be5a4ceb2d6751f188772a7d18b44",
            "sha1":"7671adf439ff6b710c524849b5dd8e522ad8fe0d",
            "sha256":"5bcb9cf9eaab36c0f8adf519fc969a1dbb399f9a24153a3f8c7bcfcf3c55f79b"
         },
         "dob":"1960-06-14 06:22:47",
         "registered":"2012-09-22 15:36:54",
         "phone":"(02) 9522-6522",
         "cell":"(08) 9481-2200",
         "id":{
            "name":"",
            "value":null
         },
         "picture":{
            "original":"db/fds-user-assets/ryuji.jpg",
            "thumbnail":"db/fds-user-assets/thumb/ryuji.thumb.jpg"
         },
         "nat":"BR"
      },
      {
         "gender":"여성",
         "name": "방현정",
         "location":{
            "street":"9269",
            "city":"강남구",
            "state":"서울특별시",
            "postcode":4633
         },
         "email":"banghyun@example.com",
         "login":{
            "username":"orangegoose197",
            "password":"kipper",
            "salt":"veW1JjBc",
            "md5":"71f5584d8ca7f4e04da5d9952c01deef",
            "sha1":"c6d3b4d59b18694184585325483d0bf0a1b5cc1a",
            "sha256":"a219f53b196cfbef91edabbfdac3797e7142b10a77a563e491da548e907735be"
         },
         "dob":"1983-04-30 04:36:36",
         "registered":"2014-06-03 09:57:09",
         "phone":"(281)-941-4146",
         "cell":"(071)-659-3731",
         "id":{
            "name":"AVS",
            "value":"756.MCPD.UEUM.21"
         },
         "picture":{
            "original":"db/fds-user-assets/banghyun.jpg",
            "thumbnail":"db/fds-user-assets/thumb/banghyung.thumb.jpg"
         },
         "nat":"CH"
      },
      {
         "gender":"여성",
         "name": "노지승",
         "location":{
            "street":"9322",
            "city":"마포구",
            "state":"서울특별시",
            "postcode":15199
         },
         "email":"rhoji@example.com",
         "login":{
            "username":"brownladybug881",
            "password":"789987",
            "salt":"p9xWBR5r",
            "md5":"9401595db24f7b08c1dc617524cb7c8b",
            "sha1":"f2ec33598f1e58c4f41bea09b845606da76d181e",
            "sha256":"0acea6b9cb9087eb610ec51d5f0451e1461548f91eda844635e1644a1799e48e"
         },
         "dob":"1975-05-21 20:23:01",
         "registered":"2016-04-14 12:55:05",
         "phone":"(830)-506-8132",
         "cell":"(121)-815-3779",
         "id":{
            "name":"",
            "value":null
         },
         "picture":{
            "original":"db/fds-user-assets/rhoji.jpg",
            "thumbnail":"db/fds-user-assets/thumb/rhoji.thumb.jpg"
         },
         "nat":"TR"
      }
   ],
   "info":{
      "seed":"337b2a1bd78f1df5",
      "results":30,
      "page":1,
      "version":"1.1"
   }
}
